id,title,price,sold_quantity,available_quantity,condition,site_id,category_id
MLA1390903113,Chromecast Google Tv Hd 8gb 2gb Ram 60 Fps Wifi Bluetooth Hdmi 4ta Gen Blanco,43906.17,100,1,new,MLA,MLA352001
MLA868094225,Google Chromecast 3 Generacion Nuevo En Caja Hdmi C/ Fuente,39399,500,1,new,MLA,MLA352001
MLA1143737218,Google Chromecast With Google Tv De Voz 4.ª Generación 4k 8gb Snow Con 2gb De Memoria Ram,53090.73,500,50,new,MLA,MLA352001
MLA1169331764,Google Chromecast 2.ª Generación Full Hd 256mb Negro Con 512mb De Memoria Ram,42290.73,25,500,new,MLA,MLA352001
MLA1485847292,Xiaomi Mi Tv Stick Mdz-24-aa - Negro - 8 Gb - 1 Gb - Control De Voz,45599.99,25,1,new,MLA,MLA352001
MLA1469960346,Onn Uhd Streaming 4k 2 Gb Ram Google Tv 2023 Color Negro Tipo De Control Remoto Control De Voz,39020,50,1,new,MLA,MLA352001
MLA1383560641,Google Chromecast 3ra Gen,36427.11,200,1,new,MLA,MLA352001
MLA1199951609,Google Chromecast With Google Tv De Voz 4.ª Generación 4k 8gb Sky Con 2gb De Memoria Ram,67899,250,1,new,MLA,MLA352001
MLA1419595652,Xiaomi Mi Box S Mdz-22-ab - Negro - 8 Gb - 2 Gb - Control De Voz,72199,1,1,new,MLA,MLA352001
MLA1390283187,Xiaomi Stick 4k Mdz-27-aa Control De Voz 4k 8gb Negro Con 2gb De Memoria Ram,54990,0,1,new,MLA,MLA352001
MLA1121605607,Google Chromecast With Google Tv De Voz 4.ª Generación 4k 8gb Sunrise Con 2gb De Memoria Ram,69999,50,500,new,MLA,MLA352001
MLA1506087552, Google Chromecast  3 Full Hd Media Streaming Negro Carbón Color Carbón,49999,1,150,new,MLA,MLA352001
MLA1377544149,Google Chromecast 3.ª Generación Ga00439 - Carbón,36599,200,1,new,MLA,MLA352001
MLA1199943621,Google Chromecast 3 Gen Smart Tv Hdmi Full Hd Usb Pcreg,43799.27,500,1,new,MLA,MLA352001
MLA1277635992,Google Chromecast Hd Con Google Tv Y C Remoto,49990,500,1,new,MLA,MLA352001
MLA1143904639,Chromecast With Google Tv De Voz 4k 8gb Snow 2gb Ram,74599,25,1,new,MLA,MLA352001
MLA1391264291,Android Tv Stick Control De Voz Full Hd 16gb Con 2gb De Ram,44999,5,1,new,MLA,MLA352001
MLA1466089482,Chromecast Google Tv Hd 8gb 2gb Ram 60 Fps Wifi Bluetooth Hdmi 4ta Gen Blanco,49999,50,1,new,MLA,MLA352001
MLA1384400383,Google Chromecast Hd,43959,4,1,new,MLA,MLA352001
MLA1374858831,Android Tv Stick Control De Voz Full Hd 16gb Con 2gb De Ram,37999,5,1,new,MLA,MLA352001
MLA1382825071,Google Chromecast Ultra 4k Negro,36147.06,25,1,new,MLA,MLA352001
MLA1131067350,Google Chromecast 4 Control De Voz 4k 8gb En Caja Con Fuente,62999,500,50,new,MLA,MLA352001
MLA1128238985,Xiaomi Tv Stick 4k 2gb Ram 8gb Rom C/control Netflix-android,87999,5,1,new,MLA,MLA352001
MLA1510951068,Google Chromecast 4 Tv Hd 8gb 2gb Ram Google Tv,49999,5,50,new,MLA,MLA352001
MLA1390229619,Google Chromecast Full Hd Google Tv Control Remoto 4ta Gen,59999,2,150,new,MLA,MLA352001
MLA897935288,Google Chromecast 3 Generacion Nuevo En Caja Hdmi ,40999,200,50,new,MLA,MLA352001
MLA1381082659,Tv Stick Realme 4k Smart Tv Stick Control De Voz 4k 8gb Negro Con 2gb De Memoria Ram,68398.8,5,1,new,MLA,MLA352001
MLA1391381637,Google Chromecast 3 Hdmi Streaming Media Player Negro Color,36425,5,50,new,MLA,MLA352001
MLA886507539,Google Chromecast Con Google Tv 4k + Control Remoto,99990,530,1500,new,MLA,MLA352001
MLA1128205818,Xiaomi Tv Stick 4k 2gb Ram 8gb Rom C/control Netflix-android,58999,100,1,new,MLA,MLA352001
MLA1382798627,Google Chromecast Ultra 4k Negro,38392.88,5,1,new,MLA,MLA352001
MLA908010138,Chromecast 4 Smart Tv Netflix Googletv 4k Hdr Control Remoto,53049,150,1,new,MLA,MLA352001
MLA1140062600,Xiaomi Mi Tv Stick 4k 8gb Ram 2gb Chromecast Netflix Amazon,59899,200,1,new,MLA,MLA352001
MLA1365631869,Chromecast 4 Google Tv Full Hd En Caja Con Cargador Original,49999,500,100,new,MLA,MLA352001
MLA1400819690,Google Chromecast Google Tv Control Voz 4k 8gb Snow 2gb Ram,53999,25,50,new,MLA,MLA352001
MLA1366673751,Google Chromecast Google Tv Control Voz 4k 8gb Snow 2gb Ram,79999,5,50,new,MLA,MLA352001
MLA1390464318,Google Chromecast 4° Generacion Full Hd 8gb Control Remoto,49999,50,1,new,MLA,MLA352001
MLA1200256292, Chromecast With Google Tv  De Voz 4k 8gb Sky Blue 2gb Ram,67819,5,1,new,MLA,MLA352001
MLA1104749278, Google Chromecast 3rd Generation  Full Hd  Carbón,69990,50,500,new,MLA,MLA352001
MLA1386035229,Google Chromecast 4 Google Tv 4ª Gen 4k Con Cargador Usb,59700,4,1,new,MLA,MLA352001
MLA1385959430,Google Chromecast 2da Generación Fhd 256mb Negro Refabricado,39999,4,1,new,MLA,MLA352001
MLA1385864671,Google Chromecast Tv Hd 4° Gen 8gb 60fps Hdmi Blanco Ga03131,49890.0,25,1,new,MLA,MLA352001
MLA1164049535,Tv Box Nvidia Shield Tv Pro Versión 2019 Control De Voz 4k 16gb Negro Con 3gb De Memoria Ram,349999,25,1,new,MLA,MLA352001
MLA1480253468,Chromecast tv Gen 4 - 4k Hdr. Wifi+bth+c. Remoto Funko pop!,59900,5,1,new,MLA,MLA352001
MLA1126547371,Google Chromecast 3.ª Generación Full Hd Carbón Ga00439,50479,5,1,new,MLA,MLA352001
MLA1460799282,Chromecast Google Tv Chrome Ga01919 De Voz 4k 8gb 2gb Snow,54999,3,1,new,MLA,MLA352001
MLA1510682132,Google Chromecast 4 Tv Hd 8gb 2gb Ram Google Tv,72498.55,4,50,new,MLA,MLA352001
MLA923932470, Chromecast Google Tv 4k Voz 8gb Y 2gb Ram Original Pcreg,55999.3,250,150,new,MLA,MLA352001
MLA1380404989,Chromecast Google Ga03131 Google Tv Hd 8gb Blanco,44500,3,1,new,MLA,MLA352001
MLA1376024780,Google Chromecast 4k With Google Tv Control De Voz 8gb Snow,80000,5,1,new,MLA,MLA352001
MLA1345282920, Apple Tv 4k (wifi) A2737 Control De Voz 3.ª Generación 2022 4k 64gb Negro,200999,5,1,new,MLA,MLA352001
MLA1150782472, Apple Tv 4k A2169 Control De Voz 2.ª Generación 2021 4k 64gb Negro,191083,5,1,new,MLA,MLA352001
MLA1499376460,"Apple Tv 4k Mxh02ll/a 64gb Chip A12 Bionic Ethernet Wifi Y Bluetooth , Control Por Voz Siri Remote",165000,4,1,new,MLA,MLA352001
MLA1486268388, Apple Tv Hd A1625 Control De Voz 4.ª Generación 2015 Full Hd 32gb Negro Con 2gb De Memoria Ram,140000,1,1,new,MLA,MLA352001
MLA906172394,Apple Tv 4k 32gb Negro 1.ª Generación 2017,148500,0,1,new,MLA,MLA352001
MLA1453365954, Apple Tv 4k A2169 Control De Voz 2.ª Generación 2021 4k 32gb Negro,232749.05,2,1,new,MLA,MLA352001
MLA1130556918, Apple Tv A1469 Estándar 3.ª Generación Rev. A Full Hd 8gb Negro Con 512mb De Memoria Ram,45000,2,1,new,MLA,MLA352001
MLA1308421889, Apple Tv 4k De Voz 2.ª Generación 2021 4k 32gb Negro,239999,2,1,new,MLA,MLA352001
MLA1106928063,Apple Tv 4k 64gb 2nd Generation Mxgy2ll/a,299999,5,1,new,MLA,MLA352001
MLA1113585170,Apple Tv 4k 64gb Negro 1.ª Generación 2017,159990,5,500,new,MLA,MLA352001
MLA1106915129,Apple Tv 4k 2nd Gen 64gb Hbo Max Prime Video Disney+ Netflix,199999,1,1,new,MLA,MLA352001
MLA1308281824, Apple Tv 4k   2.ª Generación 2021 4k 32gb Negro,384999,0,1,new,MLA,MLA352001
MLA1113197728,Soporte Para Apple Tv 4 5 6 Gen + Soporte Control Remoto,3800,5,500,new,MLA,MLA352001
MLA1113710340,Apple Tv 4k 64gb 5th Gen Prime Video Netflix Control X Voz,199990,25,500,new,MLA,MLA352001
MLA1384738301,Apple Tv Hd 1080p 2021 32gb A1625 Orig Sellado Gtia Ofic,140999,0,1,new,MLA,MLA352001
MLA1150232460, Apple Tv 4k A2169 De Voz 2.ª Generación 2021 4k 64gb Negro,263063,0,1,new,MLA,MLA352001
MLA879232016,Soporte Para Apple Tv Decodificadores Tgw,13980,500,1,new,MLA,MLA352001
MLA1106966898,Apple Tv 4k 2nd Gen 64gb Netflix Prime Video Disney+,299999,0,1,new,MLA,MLA352001
MLA1150187048, Apple Tv 4k A2169 De Voz 2.ª Generación 2021 4k 64gb Negro,357723,0,1,new,MLA,MLA352001
MLA1106915169,Convertidor Smart Tv Apple Tv 4k 2nd Gen 64gb,299999,5,1,new,MLA,MLA352001
MLA1141318811,Convertidor A Smart Tv Apple Tv Resolucion 4k 32gb ,189990,0,500,new,MLA,MLA352001
MLA1113738408,Apple Tv 4k 64gb 5th Gen Hbo Netflix Prime Video Spotify,119999,5,500,new,MLA,MLA352001
MLA1382115657, Apple Tv 4k (3rd Generation) Wi-fi Model A2737 2022 ,190000,0,1,new,MLA,MLA352001
MLA1106954179,Apple Tv 4k 2nd Generation 64gb Convertidor Smart Tv Netflix,199999,4,1,new,MLA,MLA352001
MLA1106939558,Convertidor A Smart Tv Apple Tv 4k 32gb Mqd22ll/a,239990,5,500,new,MLA,MLA352001
MLA755109392,Nueva Apple Tv 4k 64gb Mp7p2ll/a A Pedido! ,523693.14,0,1,new,MLA,MLA352001
MLA1460865286,Soporte Para Apple Tv Decodificadores Estante Tagwood,18870,0,1,new,MLA,MLA352001
MLA927234708,Soporte Para Apple Tv 4 5 6 Generación,1700,4,4,new,MLA,MLA352001
MLA1383363799, Apple Tv Hd A1625 4.ª Generación 2015 2gb Negro 2gb Ram,140000,0,1,new,MLA,MLA352001
MLA1387354851,Apple Tv 4k (32 Gb) A2169,220000,0,1,new,MLA,MLA352001
MLA927234893,Soporte Para Apple Tv 4 5 6 Gen + Soporte Control Remoto,2000,0,2,new,MLA,MLA352001
MLA1119623996,Soporte Para Apple Tv 4 5 6 Generación + Funda Control,25746.93,2,1,new,MLA,MLA352001
MLA1391171693,Apple Tv 4k 32gb 1ª Generación 2017 Completo Impecable,120000,0,1,used,MLA,MLA352001
MLA1369692877,Apple Tv Hd 4ta Generación,80000,0,1,used,MLA,MLA352001
MLA1406007172,Apple Tv 3ra Generación Para Repuesto,8000,0,1,used,MLA,MLA352001
MLA1508276992,Apple Tv | 3ra Generación | A1469 |,24860,0,1,used,MLA,MLA352001
MLA1377074661,Apple Tv Modelo A1469  Excelente Funcionamiento Liquido,32000,0,1,used,MLA,MLA352001
MLA1386077825,Apple Tv Modelo A1625 32gb,75000,0,1,used,MLA,MLA352001
MLA1369591081,Apple Tv 3ra Generación ,44999,0,1,used,MLA,MLA352001
MLA1347201286,Apple Tv,25000,0,1,used,MLA,MLA352001
MLA1122402055,Apple Tv 4ta Generación Hd (incluye Cable Hdmi),65000,0,1,used,MLA,MLA352001
MLA912468874,Apple Tv 2da Gen,40000,0,1,used,MLA,MLA352001
MLA1119480918, Apple Tv A1427  Full Hd 8gb  Permuto iPhone,50000,0,1,used,MLA,MLA352001
MLA1389970913, Apple Tv A1469. Full Hd 8gb/ 512mb De Memoria Ram,35000,0,1,used,MLA,MLA352001
MLA1450314510, Apple Tv 2.ª Generación  Negro Con 256mb De Memoria Ram,43750,0,1,used,MLA,MLA352001
MLA1222392842,Apple Tv 4ta Generación Hd,75000,0,1,used,MLA,MLA352001
MLA1388791945," Apple Tv 3.ª Generación Full Hd 8gb Negro, Perfecto Estado.",22000,0,1,used,MLA,MLA352001
MLA1136366737,Apple Tv 3ra Generación A1469 // Excelente Funcionamiento //,65000,0,1,used,MLA,MLA352001
MLA1377049235,Apple Tv 1era Generación ,55000,0,1,used,MLA,MLA352001
MLA1464602838,2 Apple Tv 3 Gen + 1 Control,20000,0,1,used,MLA,MLA352001
MLA1432293114,Amazon Fire Tv Stick 4k - Negro - 8 Gb - 1.5 Gb - Control De Voz,38999.22,250,150,new,MLA,MLA352001
MLA1373097937,Amazon Fire Tv Stick Lite Edición 2022 Control De Voz 2.ª Generación Full Hd 8gb Negro,39999,25,1,new,MLA,MLA352001
MLA1495957246,Amazon Fire Tv Stick 4k De Voz 3.ª Generación 4k 8gb Negro Con 1.5gb De Memoria Ram,41500,25,1,new,MLA,MLA352001
MLA1412876274,Amazon Fire Tv Stick Control De Voz 3.ª Generación Full Hd 8gb Negro Con 1gb De Memoria Ram,41999,50,1,new,MLA,MLA352001
MLA1174728315,Amazon Fire Tv Stick Lite De Voz 2.ª Generación Full Hd 8gb Negro Con 1gb De Memoria Ram,38269,250,100,new,MLA,MLA352001
MLA1389468143,Amazon Fire Tv Stick 3ra Hd Alexa Voice Remote Original,41302.79,3,1,new,MLA,MLA352001
MLA1341130911,Amazon Fire Tv Stick Edición 2021 Control De Voz Full Hd 8gb Negro,40999,25,1,new,MLA,MLA352001
MLA1387771125,Amazon Tv Stick Fire Tv Stick 4k Max K2r2te De Voz 1.ª Generación 4k 8gb Negro Con 2gb De Memoria Ram,54000,5,1,new,MLA,MLA352001
MLA1473218264,"Amazon Fire Tv Stick 4k Streaming, Con Alexa Voice Remote Color Negro",78185,1,1,new,MLA,MLA352001
MLA1525228308,Amazon Fire Tv Stick Lite Control Por Voz Alexa Fhd 1080p Color Negro Tipo De Control Remoto De Voz,43999,2,1,new,MLA,MLA352001
MLA1492735014,Amazon Max Fire Tv Stick 4k Max B08mqzxn1x Control De Voz 3.ª Generación 8gb Negro Con 2gb De Memoria Ram,53950,1,1,new,MLA,MLA352001
MLA1106495695, Amazon Fire Tv Stick Lite Full Hd 8gb 1gb Ram Streaming ,39999,100,1,new,MLA,MLA352001
MLA1123043676,Amazon Fire Tv Stick 4k De Voz 4k 8gb 1.5gb De Memoria Ram,41990,150,1,new,MLA,MLA352001
MLA1438234620,Amazon Fire Tv Stick 3ra Gen Edición 2021 Full Hd Streaming,41999,5,1,new,MLA,MLA352001
MLA1487525094,Amazon Fire Tv Stick Lite  Control De Voz Full Hd 8gb Negro,41000,3,1,new,MLA,MLA352001
MLA1113069412,Amazon Fire Tv Stick Lite Control Voz Full Hd 8gb 1gb Ram,44999,2,1,new,MLA,MLA352001
MLA1369238847,Amazon Fire Tv Stick Lite Control De Voz Full Hd 8gb 1gb Ram,41999,25,1,new,MLA,MLA352001
MLA1359581075,Amazon Fire Tv Stick Lite Hd 8gb Hdr Dolby 1080p Control Voz,39999,5,1,new,MLA,MLA352001
MLA1113069432,Amazon Fire Tv Stick Lite Control Voz Full Hd 8gb 1gb Ram,64999,1,1,new,MLA,MLA352001
MLA1137589548,Amazon Fire Tv Stick Lite De Voz Full Hd 8gb Con Fuente 220v,47285,50,1,new,MLA,MLA352001
MLA1137595294,Amazon Fire Tv Stick Lite Full Hd 8gb Con Fuente 220v De Voz,47286,50,1,new,MLA,MLA352001
MLA1420559034,Amazon Fire Tv Stick 3era Generación Full Hd 8gb 1gb,60898.55,2,1,new,MLA,MLA352001
MLA931506097,Amazon Fire Tv Stick Lite 8gb Alexa Streaming Tv Netflix,119990,4,500,new,MLA,MLA352001
MLA1286463064,Amazon Fire Tv Stick Lite Hd 8gb Hdr Dolby 1080p Control Voz,39999,100,1,new,MLA,MLA352001
MLA1138106739,Amazon Fire Tv Stick De Voz 4k 8gb Fuente 220 Cuot.s S/ Int-,89996,5,1,new,MLA,MLA352001
MLA1137570772,Amazon Fire Tv Stick Lite De Voz Full Hd 8gb + Fuente 220v!,47284,50,1,new,MLA,MLA352001
MLA1144622469,Amazon Fire Tv Stick 4k Max Con Control De Voz Alexa,56299,5,1,new,MLA,MLA352001
MLA1447414004,Amazon Fire Tv Stick 4k 8gb 1.5gb Ram Streaming Control Voz,42899,2,1,new,MLA,MLA352001
MLA1384847925,Amazon Tv Stick Fire 4k Max Full Hd Alexa 2gb Ram 1era Gen,61999,2,1,new,MLA,MLA352001
MLA1373149393,Amazon Fire Tv Stick Lite 2022 Full Hd 8gb Streaming ,39999,2,1,new,MLA,MLA352001
MLA1434732098,Amazon Fire Tv Stick 3ra Gen 2021 Streaming Alexa Control ,41999,1,1,new,MLA,MLA352001
MLA1142197777,Amazon Fire Tv Stick Lite De Voz Full Hd 8gb Negro Con 1gb,38950,25,1,new,MLA,MLA352001
MLA1144084762,Amazon Fire Tv Stick 4k 8gb Negro Con 1.5gb De Memoria Ram,42899,50,1,new,MLA,MLA352001
MLA1438260918,Amazon Fire Tv Stick Edición 2021 Full Hd 8gb Streaming,41999,3,1,new,MLA,MLA352001
MLA1372865557,Amazon Fire Tv Stick Lite 2022 Full Hd 8gb Streaming ,39999,5,1,new,MLA,MLA352001
MLA1138112896,Amazon Fire Tv Stick De Voz 4k 8gb Cargador + Cuot.s S/ Int-,88997,5,1,new,MLA,MLA352001
MLA1286072659,Amazon Fire Tv Stick Lite Con Cargador Cuot.s S/ Inter.s!,67888,1,1,new,MLA,MLA352001
MLA1242345660,Amazon Fire Tv Stick Control 4k De Voz 8gb Negro 1.5gb Ram,63999,1,1,new,MLA,MLA352001
MLA1409003536,Amazon Fire Tv Stick Lite 2022 Control De Voz Full Hd 8gb,52998,1,1,new,MLA,MLA352001
MLA1142228894,Amazon Fire Tv Stick 4k De Voz 4k 8gb Negro Con 1.5gb De Ram,38775,25,1,new,MLA,MLA352001
MLA1137570623,Amazon Fire Tv Stick Lite De Voz Full Hd 8gb + Cargador 220v,47288,100,1,new,MLA,MLA352001
MLA1369051919,Amazon Fire Tv Stick 4k De Voz 3° Gen 8gb Cargador Original!,63888,3,1,new,MLA,MLA352001
MLA1524545276,Amazon Fire Tv Stick 4k 8 Gb 1.5 Gb Con Control De Voz,39499.21,0,1,new,MLA,MLA352001
MLA931501354,Amazon Fire Tv Stick Lite Control Por Voz Alexa Full Hd,69990,25,500,new,MLA,MLA352001
MLA1114888852, Amazon Fire Tv Stick Lite Full Hd 8gb Smart Tv,49600,5,1,new,MLA,MLA352001
MLA1286552519,Amazon Fire Tv Stick Lite Hd 8gb Hdr Control Voz Dolby 1080p,56699,5,1,new,MLA,MLA352001
MLA1106521661,Amazon Fire Tv Stick Lite Full Hd 8gb 1gb Ram Streaming ,39999,150,1,new,MLA,MLA352001
MLA931502670, Amazon Fire Tv Stick Lite 8gb 1gb Ram Alexa,119990,2,500,new,MLA,MLA352001
MLA1106948651,Amazon Fire Tv Stick Lite Full Hd 8gb 1gb Ram Streaming,39999,100,1,new,MLA,MLA352001
MLA864435736,"Amazon Fire Tv Stick 4k 8gb 1,5gb Ram Convertidor Smart Tv",179990,5,500,new,MLA,MLA352001
MLA1485847292,Xiaomi Mi Tv Stick Mdz-24-aa - Negro - 8 Gb - 1 Gb - Control De Voz,45599.99,25,1,new,MLA,MLA352001
MLA1390283187,Xiaomi Stick 4k Mdz-27-aa Control De Voz 4k 8gb Negro Con 2gb De Memoria Ram,54990,0,1,new,MLA,MLA352001
MLA1391264291,Android Tv Stick Control De Voz Full Hd 16gb Con 2gb De Ram,44999,5,1,new,MLA,MLA352001
MLA1140062600,Xiaomi Mi Tv Stick 4k 8gb Ram 2gb Chromecast Netflix Amazon,59899,200,1,new,MLA,MLA352001
MLA873141712,Xiaomi Mi Tv Stick Full Hd Android Chromecast Netflix Amazon,59999,100,500,new,MLA,MLA352001
MLA1391312469,Xiaomi Mi Tv Stick 4k 8gb Ram 2gb Chromecast Amazon Netflix ,71279,0,1,new,MLA,MLA352001
MLA1168352455,Xiaomi Mi Tv Stick Mdz-24-aa De Voz Full Hd 8gb,68900,100,1,new,MLA,MLA352001
MLA1163794492,Xiaomi Mi Stick Tv 4k Uhd Android Chromecast+ Control Remoto,120743.74,2,150,new,MLA,MLA352001
MLA1104393417, Xiaomi Mi Tv Stick Full Hd 8gb Negro Con 1gb De Ram,64657,5,1,new,MLA,MLA352001
MLA1163526604,Xiaomi Mi Stick Tv 4k Uhd Android Chromecast+ Control Remoto,81667.87,2,150,new,MLA,MLA352001
MLA919132806, Xiaomi Mi Tv Stick De Voz Full Hd 8gb Negro 1gb Ram,70999,3,1,new,MLA,MLA352001
MLA1124556559,Xiaomi Mi Tv Stick Full Hd Chromecast Android Amazon Netflix,68990,25,1,new,MLA,MLA352001
MLA1156364072,Xiaomi Mi Tv Stick Full Hd 8gb Android 9.0 Hdmi 2k Pcreg,61969,50,500,new,MLA,MLA352001
MLA934496726, Xiaomi Mi Tv Stick Mdz-24-aa  De Voz Full Hd 8gb  1gb ,49950,5,1,new,MLA,MLA352001
MLA898102021,Xiaomi Mi Stick Tv Fhd Android Chromecast + Control Remoto,110078.8,5,500,new,MLA,MLA352001
MLA924341937,Xiaomi Mi Tv Stick De Voz Full Hd 8gb Con 1gb De Memoria Ram,94989,5,1,new,MLA,MLA352001
MLA1174156069,Tv Stick Xiaomi Hdmi 1080p Andorid Tv Google Netflix Bt Voz,63750,3,1,new,MLA,MLA352001
MLA1437356356,Dispositivo Para Streaming De Video/audio Xiaomi Mi Tv Stick,100999.88,0,1,new,MLA,MLA352001
MLA898101986,Xiaomi Mi Stick Tv Fhd Android Chromecast + Control Remoto,74494.99,25,500,new,MLA,MLA352001
MLA1180034732,Convertidor Smart Tv Android Xiaomi Mi Tv Stick Chromecast  ,95045.84,50,1,new,MLA,MLA352001
MLA873141768,Xiaomi Mi Tv Stick Full Hd Android Chromecast Netflix Amazon,119999,5,500,new,MLA,MLA352001
MLA1413417988,Xiaomi Mi Tv Stick Full Hd 8gb 1gb Ram Android Almagro,59999,2,1,new,MLA,MLA352001
MLA1468960028,Convertidor Smart Full Hd Android Chromecast Amazon Netflix,106077.79,2,50,new,MLA,MLA352001
MLA1131155678,Tv Box Xiaomi Mi Tv Stick,74800,4,1,new,MLA,MLA352001
MLA1387327219,Xiaomi Mi Tv Stick Mdz-24-aa - Negro - 8 Gb - 1 Gb - Control,43000,2,1,new,MLA,MLA352001
MLA1330407141,Mi Tv Stick ,132097.29,1,1,new,MLA,MLA352001
MLA1387938001,Xiaomi Mi Tv Stick Mdz-24-aa - Negro - 8 Gb - 1 Gb - Outlet,45325,0,1,new,MLA,MLA352001
MLA1480941548,Xiaomi Mi Tv Stick Mdz-24-aa ,75810,0,1,new,MLA,MLA352001
MLA1330818578,Mi Tv Stick ,79258.37,0,1,new,MLA,MLA352001
MLA873142822,Xiaomi Mi Tv Stick Full Hd Android Chromecast Netflix Amazon,69999,25,500,new,MLA,MLA352001
MLA1504424630, Xiaomi Mi Tv Stick De Voz Full Hd 8gb Negro 1gb Ram,100561,0,1,new,MLA,MLA352001
MLA1149175419,Xiaomi Mi Tv Stick Convertidor De Smart Mdz-24-aa,54949,50,1,new,MLA,MLA352001
MLA1389317165,Xiaomi Mi Tv Stick Mdz-24-aa - Negro - 8 Gb - 1 Gb,57999,0,1,new,MLA,MLA352001
MLA1468909398,Xiaomi Mi Tv Stick Android Tv - Negro - 8 Gb -control De Voz,148067.79,0,50,new,MLA,MLA352001
MLA1369535299,Reloj Xiaomi Mi Smart Clock Chromecast Asistente De Google,95912,0,1,new,MLA,MLA352001
MLA1471700400,Xiaomi Mi Tv Stick Mdz-24-ab 8gb 1gb Ram Full Hd Android,68780,0,1,new,MLA,MLA352001
MLA1382081011,Xiaomi Mi Tv Stick 4k 8gb Ram 2gb Chromecast Netflix Amazon,83859,0,1,new,MLA,MLA352001
MLA1496282826,Xiaomi Mi Tv Stick Mdz-24-aa - Negro - 8 Gb - 1 Gb - Con Voz,62206.27,0,1,new,MLA,MLA352001
MLA1152348527,Xiaomi Mi Tv Stick Mdz-24-aa De Voz Full Hd 8gb Negro 1gb,58999,0,1,new,MLA,MLA352001
MLA1386600869,Xiaomi Mi Tv,80000,0,1,new,MLA,MLA352001
MLA1381105305,Mi Tv Stick Xiaomi Android 9.0 Hdr 2k Hdmi - Xiaomi,56050,0,1,new,MLA,MLA352001
MLA924342731,Xiaomi Mi Tv Stick De Voz Full Hd 8gb Con 1gb De Memoria Ram,74469.18,50,1,new,MLA,MLA352001
MLA1361302711,Xiaomi Mi Tv Stick Mdz-24-aa De Voz Full Hd 8gb Negro 1gbram,60000,0,1,new,MLA,MLA352001
MLA1437460218,Dispositivo Para Streaming De Video/audio Xiaomi Mi Tv Stick,70999.92,0,1,new,MLA,MLA352001
MLA1400335498,Xiaomi Mi Tv Stick Mdz-24-aa Control Voz Full Hd 8gb 1gb Ram,71995,0,1,new,MLA,MLA352001
MLA1174435149,Xiaomi Mi Tv Stick Mdz-24-ab Full Hd 8gb - 1gb Ram Martinez,97483.5,4,1,new,MLA,MLA352001
MLA873144504,Xiaomi Mi Tv Stick Chromecast Full Hd Android Netflix Amazon,59999,25,500,new,MLA,MLA352001
MLA873144735,Xiaomi Mi Tv Stick Full Hd Android Streaming Netflix Amazon,89999,4,500,new,MLA,MLA352001
MLA1508202842,Xiaomi Mi Tv Stick Mdz-27-aa Cn 4k Uhd Conversor Smar Ppct,103295,0,1,new,MLA,MLA352001
MLA1508228602,Xiaomi Mi Tv Stick Mdz-27-aa Cn 4k Uhd Conversor Smart Tv An,64559,0,1,new,MLA,MLA352001
